"","expr","min","lq","mean","median","uq","max","neval","cld","version"
"1","simple",0.3146186,0.3213821,0.332291227,0.32902815,0.3334788,0.4794834,100," b ","v1.3.0"
"2","complex",1.1392043,1.16794405,1.197217556,1.1907772,1.2073683,1.3839144,100,"  c","v1.3.0"
"3","big_data",0.2714271,0.27900815,0.285519997,0.28484605,0.2894792,0.3227808,100,"a  ","v1.3.0"
