"","expr","min","lq","mean","median","uq","max","neval","cld","version"
"1","simple",0.604321805,0.616293267,0.654344049966667,0.631295703,0.64856239,0.886195258,30," b ","v1.2.4"
"2","complex",1.514837422,1.544287628,1.6326364817,1.60229605,1.708727484,1.903278696,30,"  c","v1.2.4"
"3","big_data",0.443607441,0.453647235,0.4748425716,0.458169535,0.466623734,0.662474273,30,"a  ","v1.2.4"
