"","expr","min","lq","mean","median","uq","max","neval","cld","version"
"1","simple",0.554104242,0.565171681,0.601256090033333,0.58248304,0.600407777,0.772101694,30," b ","current"
"2","complex",1.403610184,1.421905792,1.50271559376667,1.4404242165,1.455991348,1.980013771,30,"  c","current"
"3","big_data",0.409781168,0.41740209,0.447471010466667,0.429775056,0.445575942,0.635648249,30,"a  ","current"
