"","expr","min","lq","mean","median","uq","max","neval","cld","version"
"1","simple",0.348773,0.3649391,0.376316218,0.37282895,0.37854355,0.5439395,100,"a ","v1.2.6"
"2","complex",1.4018916,1.4448961,1.4831296,1.4674152,1.487472,1.7218036,100," b","v1.2.6"
"3","big_data",0.3642139,0.37513455,0.387011204,0.3819002,0.3914555,0.5269534,100,"a ","v1.2.6"
