"","expr","min","lq","mean","median","uq","max","neval","cld","version"
"1","simple",1.036877122,1.050918464,1.08203834616667,1.061276798,1.083835244,1.204220135,30," b ","current"
"2","complex",3.054449951,3.09270918,3.27696314093333,3.128201641,3.340435814,4.372535727,30,"  c","current"
"3","big_data",0.703413479,0.719531265,0.7338484944,0.727376643,0.736989222,0.905876257,30,"a  ","current"
