"","expr","min","lq","mean","median","uq","max","neval","cld","version"
"1","simple",1.049634818,1.060982326,1.17827688516667,1.0923707645,1.293341668,1.630145709,30," b ","current"
"2","complex",3.041315185,3.087856851,3.23784741796667,3.1194079335,3.293694671,4.016240317,30,"  c","current"
"3","big_data",0.711587244,0.726910774,0.819755429566667,0.7349857125,0.902399107,1.138621788,30,"a  ","current"
