"","expr","min","lq","mean","median","uq","max","neval","cld","version"
"1","simple",0.982652904,1.000509448,1.051284498,1.009889731,1.027677534,1.466732405,30," b ","current"
"2","complex",2.799099479,2.833133251,2.954420218,2.894123416,2.979972563,3.662471721,30,"  c","current"
"3","big_data",0.714439711,0.723462068,0.771378488733333,0.733205565,0.741543979,0.978052563,30,"a  ","current"
