"","expr","min","lq","mean","median","uq","max","neval","cld","version"
"1","simple",0.639669491,0.6618782165,0.69079392873,0.6758387835,0.688380046,1.079485434,100," b ","v1.2.3"
"2","complex",1.603118386,1.661071379,1.7478537765,1.679460344,1.726398045,2.719785078,100,"  c","v1.2.3"
"3","big_data",0.463954332,0.4842364935,0.51297210539,0.4976289015,0.511524922,0.774450185,100,"a  ","v1.2.3"
