"","expr","min","lq","mean","median","uq","max","neval","cld","version"
"1","simple",0.94472188,1.1245622115,1.26222016204,1.249997995,1.3425199155,2.896952726,100," b ","v1.3.3"
"2","complex",2.539395914,3.125580194,3.4255943436,3.427913404,3.6336797485,4.569433971,100,"  c","v1.3.3"
"3","big_data",0.602774501,0.702705103,0.78179580751,0.774214424,0.845169989,1.214230024,100,"a  ","v1.3.3"
