"","expr","min","lq","mean","median","uq","max","neval","cld","version"
"1","simple",0.9905223,1.09259195,1.326284813,1.1507046,1.23569885,3.2746029,100,"a ","v1.5.0"
"2","complex",3.2454867,3.4720223,4.230803722,3.67646475,3.8846782,9.711822,100," b","v1.5.0"
"3","big_data",0.7628285,0.82603185,1.024746581,0.87137065,0.9687922,2.4054446,100,"a ","v1.5.0"
