"","expr","min","lq","mean","median","uq","max","neval","cld","version"
"1","simple",0.839128463,0.852056825,0.922998168466667,0.868765199,0.891957809,1.32902704,30," b ","current"
"2","complex",2.332796294,2.389379576,2.48992654843333,2.429109712,2.559665494,3.026021557,30,"  c","current"
"3","big_data",0.533065203,0.546507753,0.5970933681,0.554678965,0.631072706,0.834035815,30,"a  ","current"
