"","expr","min","lq","mean","median","uq","max","neval","cld","version"
"1","simple",1.095805248,1.109309063,1.14281184766667,1.1185976315,1.149430674,1.40718543,30," b ","v1.3.5"
"2","complex",2.856533542,2.889908716,3.00874078233333,2.925273724,3.096253431,3.773771893,30,"  c","v1.3.5"
"3","big_data",0.602878068,0.613845951,0.632741288566667,0.6213045935,0.629188809,0.859645291,30,"a  ","v1.3.5"
