"","expr","min","lq","mean","median","uq","max","neval","cld","version"
"1","simple",0.396650412,0.408454491,0.430219846966667,0.418745178,0.437198326,0.57536026,30," b ","v1.3.0"
"2","complex",1.390290528,1.4314675,1.47519604846667,1.459391552,1.494998885,1.684955956,30,"  c","v1.3.0"
"3","big_data",0.339984713,0.349678068,0.373245416333333,0.3582035595,0.371233847,0.540195276,30,"a  ","v1.3.0"
