"","expr","min","lq","mean","median","uq","max","neval","cld","version"
"1","simple",0.813029596,0.834651746,0.8665094086,0.844620975,0.853436381,1.094308633,30," b ","v1.3.2"
"2","complex",2.174019068,2.202645844,2.28210133736667,2.259029469,2.286754957,2.542835868,30,"  c","v1.3.2"
"3","big_data",0.520186801,0.53770274,0.556125911833333,0.547196437,0.557887717,0.743748423,30,"a  ","v1.3.2"
