"","expr","min","lq","mean","median","uq","max","neval","cld","version"
"1","simple",0.829987222,0.844124473,0.888458341333333,0.857022386,0.874166542,1.108997633,30," b ","current"
"2","complex",2.326530859,2.379380627,2.4993771283,2.396393501,2.549168767,3.332600829,30,"  c","current"
"3","big_data",0.532922616,0.546239354,0.563153304933333,0.5552230565,0.573892819,0.648720292,30,"a  ","current"
