"","expr","min","lq","mean","median","uq","max","neval","cld","version"
"1","simple",0.446006985,0.460503803,0.4764563438,0.4678745595,0.48203989,0.653788508,30,"a ","v1.2.6"
"2","complex",1.702647668,1.725884951,1.81154228006667,1.742548469,1.796816995,2.825926232,30," b","v1.2.6"
"3","big_data",0.432908685,0.439101915,0.468046915533333,0.44824042,0.458522173,0.740657462,30,"a ","v1.2.6"
