"","expr","min","lq","mean","median","uq","max","neval","cld","version"
"1","simple",0.448081606,0.457555792,0.490700747633333,0.4765315145,0.48610708,0.802762977,30,"a ","v1.2.5"
"2","complex",1.682348184,1.710620498,1.77056224276667,1.7351149895,1.752723739,2.204136624,30," b","v1.2.5"
"3","big_data",0.433553426,0.44458294,0.481835892366667,0.4544989265,0.47017163,0.660239196,30,"a ","v1.2.5"
