"","expr","min","lq","mean","median","uq","max","neval","cld","version"
"1","simple",0.592042195,0.608985234,0.6270940705,0.6172401385,0.637617115,0.758805378,30," b ","v1.2.3"
"2","complex",1.493782703,1.527891232,1.5755265267,1.540202569,1.573783417,1.815281812,30,"  c","v1.2.3"
"3","big_data",0.44026522,0.445499361,0.482775300333333,0.45597822,0.475936734,0.678120538,30,"a  ","v1.2.3"
