"","expr","min","lq","mean","median","uq","max","neval","cld","version"
"1","simple",0.757118404,0.773994343,0.804207832633333,0.7874977945,0.797735969,1.016330391,30," b ","current"
"2","complex",2.029760907,2.072351349,2.17579259163333,2.1094664195,2.227386671,2.713037181,30,"  c","current"
"3","big_data",0.4972573,0.503495749,0.5403218168,0.51635136,0.542500004,0.70277895,30,"a  ","current"
