"","expr","min","lq","mean","median","uq","max","neval","cld","version"
"1","simple",0.820354769,0.835248349,0.8714000166,0.846629955,0.857624277,1.15630183,30," b ","v1.3.1"
"2","complex",2.166810956,2.204361263,2.24646840483333,2.2248996065,2.255788809,2.624322257,30,"  c","v1.3.1"
"3","big_data",0.503160981,0.518353592,0.528761036133333,0.524533877,0.531139368,0.635910449,30,"a  ","v1.3.1"
