"","expr","min","lq","mean","median","uq","max","neval","cld","version"
"1","simple",0.787183447,0.810190257,0.843596732,0.8240013095,0.829777901,1.040675184,30," b ","current"
"2","complex",2.110301337,2.143922664,2.29085376403333,2.1680832975,2.439320354,3.045749234,30,"  c","current"
"3","big_data",0.516455109,0.528791243,0.566878359533333,0.5336782165,0.617215888,0.714855802,30,"a  ","current"
