"","expr","min","lq","mean","median","uq","max","neval","cld","version"
"1","simple",0.452626517,0.476836199,0.52881961482,0.4910905095,0.51909953,1.967423824,100,"a ","v1.2.6"
"2","complex",1.710495416,1.778016497,1.88539486417,1.8185474525,1.925352858,2.339733455,100," b","v1.2.6"
"3","big_data",0.436330406,0.459552737,0.48713010997,0.4711020915,0.4911880595,0.985649416,100,"a ","v1.2.6"
