"","expr","min","lq","mean","median","uq","max","neval","cld","version"
"1","simple",1.001341995,1.0168170465,1.07949683684,1.028536155,1.0478313315,1.790023514,100," b ","current"
"2","complex",2.928600082,2.97909352,3.11245349763,3.0100782665,3.091401283,5.72275351,100,"  c","current"
"3","big_data",0.681738817,0.6982650355,0.75261252759,0.7091968175,0.721879937,1.860830841,100,"a  ","current"
