"","expr","min","lq","mean","median","uq","max","neval","cld","version"
"1","simple",0.5643166,0.578651,0.589920566,0.58619535,0.59160195,0.7489609,100," b ","v1.2.3"
"2","complex",1.3832566,1.4050878,1.426943245,1.41715875,1.4315724,1.5862337,100,"  c","v1.2.3"
"3","big_data",0.3752724,0.39045375,0.39831083,0.3956813,0.40265795,0.5448161,100,"a  ","v1.2.3"
