"","expr","min","lq","mean","median","uq","max","neval","cld","version"
"1","simple",0.943944033,0.961127757,1.00135586436667,0.9717136465,1.016895633,1.168648905,30," b ","v1.3.7"
"2","complex",2.667562181,2.742320003,2.97101866656667,2.780162776,3.068271396,4.138967132,30,"  c","v1.3.7"
"3","big_data",0.685428936,0.705369217,0.769866071133333,0.720244747,0.84288167,1.078160944,30,"a  ","v1.3.7"
