"","expr","min","lq","mean","median","uq","max","neval","cld","version"
"1","simple",0.781736701,0.805955318,0.919500414133333,0.864634008,0.939886325,1.391705091,30," b ","current"
"2","complex",2.205612454,2.261271293,2.63065581286667,2.4140866715,2.818865447,4.360015798,30,"  c","current"
"3","big_data",0.51263699,0.52438199,0.687806051966667,0.555249313,0.816677413,1.564013482,30,"a  ","current"
