"","expr","min","lq","mean","median","uq","max","neval","cld","version"
"1","simple",0.640395919,0.6657867735,0.70287730152,0.6772982015,0.6965248195,1.076304762,100," b ","v1.2.2"
"2","complex",1.630972422,1.668671879,1.76990947812,1.691801219,1.797600493,3.52582974,100,"  c","v1.2.2"
"3","big_data",0.460819244,0.4809039355,0.51463698398,0.4955646735,0.5168947215,0.7298803,100,"a  ","v1.2.2"
