"","expr","min","lq","mean","median","uq","max","neval","cld","version"
"1","simple",1.064554701,1.1846905495,1.98187482602,1.3695985,2.9357246,3.234072599,100,"a ","v1.5.1"
"2","complex",3.436593601,3.77366275,6.25107825605,4.06408705,9.3433276,10.014676099,100," b","v1.5.1"
"3","big_data",0.800714,0.90305475,1.50933957897,0.97510525,2.2970272995,2.5683181,100,"a ","v1.5.1"
