"","expr","min","lq","mean","median","uq","max","neval","cld","version"
"1","simple",0.865140173,0.881837789,0.9099241682,0.889732397,0.902605512,1.245646178,30," b ","v1.3.3"
"2","complex",2.423974214,2.456848327,2.50386188013333,2.4770223635,2.537328951,2.782754502,30,"  c","v1.3.3"
"3","big_data",0.550688721,0.561162474,0.5721094987,0.565372251,0.57713585,0.678792994,30,"a  ","v1.3.3"
