"","expr","min","lq","mean","median","uq","max","neval","cld","version"
"1","simple",1.0860728,1.0984447,1.126736366,1.1065204,1.1196498,1.3875549,100," b ","v1.4.0"
"2","complex",3.287378,3.32411755,3.43343663,3.34366165,3.48943255,4.3502157,100,"  c","v1.4.0"
"3","big_data",0.7631441,0.77996615,0.809691976,0.7896186,0.7997213,1.0375448,100,"a  ","v1.4.0"
