"","expr","min","lq","mean","median","uq","max","neval","cld","version"
"1","simple",1.126282371,1.189143305,1.2653188592,1.2081310625,1.27935138,1.801702875,100," b ","current"
"2","complex",3.328467998,3.5076446265,3.68642434502,3.553693256,3.7183748895,5.163569019,100,"  c","current"
"3","big_data",0.765638243,0.808362338,0.86718982142,0.8192197255,0.838235563,1.941917549,100,"a  ","current"
