"","expr","min","lq","mean","median","uq","max","neval","cld","version"
"1","simple",0.553988641,0.564906564,0.581137313866667,0.5732161695,0.582363427,0.737212402,30," b ","current"
"2","complex",1.398060236,1.410339482,1.47549931013333,1.4247901685,1.47321555,1.996435694,30,"  c","current"
"3","big_data",0.407182148,0.416713224,0.430078779633333,0.423126898,0.431449267,0.618920367,30,"a  ","current"
