"","expr","min","lq","mean","median","uq","max","neval","cld","version"
"1","simple",0.957282288,0.967904828,1.01017643643333,0.9824919015,1.006172079,1.441405185,30," b ","current"
"2","complex",2.736957132,2.767734015,2.84681585236667,2.7987143845,2.849883378,3.34209726,30,"  c","current"
"3","big_data",0.690799829,0.705639804,0.7296039763,0.715610309,0.725397384,0.9215692,30,"a  ","current"
