"","expr","min","lq","mean","median","uq","max","neval","cld","version"
"1","simple",0.548929906,0.559503215,0.581168383866667,0.5689372875,0.576385354,0.876189379,30," b ","v1.2.0"
"2","complex",1.310115136,1.339140862,1.36723835186667,1.353856483,1.368867853,1.621071568,30,"  c","v1.2.0"
"3","big_data",0.387747303,0.391538436,0.4107021359,0.400947346,0.413109897,0.597279253,30,"a  ","v1.2.0"
