"","expr","min","lq","mean","median","uq","max","neval","cld","version"
"1","simple",0.600923789,0.611688186,0.646278483366667,0.6194958195,0.63671674,0.82186597,30," b ","v1.2.2"
"2","complex",1.517494789,1.530363711,1.58254595776667,1.556213324,1.618608207,1.833420247,30,"  c","v1.2.2"
"3","big_data",0.438143192,0.450930061,0.479559133633333,0.461237523,0.466629933,0.669241132,30,"a  ","v1.2.2"
