"","expr","min","lq","mean","median","uq","max","neval","cld","version"
"1","simple",0.40900478,0.4418265635,0.47978149272,0.4568264475,0.4743629915,1.770238948,100," b ","v1.3.0"
"2","complex",1.455408601,1.5185083955,1.64491688086,1.5822345155,1.6592004275,3.636360819,100,"  c","v1.3.0"
"3","big_data",0.36398635,0.3788110085,0.41288851889,0.3924202145,0.408970866,0.624503864,100,"a  ","v1.3.0"
