"","expr","min","lq","mean","median","uq","max","neval","cld","version"
"1","simple",0.776857022,0.804836504,0.897963317966667,0.833468931,0.97221963,1.163071606,30," b ","current"
"2","complex",2.112848208,2.153542719,2.27584112953333,2.202313263,2.351265122,2.689965094,30,"  c","current"
"3","big_data",0.483816209,0.50298302,0.550044636633333,0.5159425625,0.596781111,0.733652106,30,"a  ","current"
