"","expr","min","lq","mean","median","uq","max","neval","cld","version"
"1","simple",0.935763705,0.954171633,1.05497279366667,0.9894766525,1.1053954,1.450628477,30," b ","current"
"2","complex",2.657143858,2.757322255,3.02354208946667,2.836905603,3.173076756,4.063068616,30,"  c","current"
"3","big_data",0.676697222,0.717923426,0.7919531783,0.7331714685,0.844548952,1.142868031,30,"a  ","current"
