"","expr","min","lq","mean","median","uq","max","neval","cld","version"
"1","simple",0.549603091,0.566729925,0.606341202233333,0.579795587,0.604601508,0.7577347,30," b ","current"
"2","complex",1.335723518,1.354848757,1.4448976639,1.3729674995,1.452319463,2.011691759,30,"  c","current"
"3","big_data",0.39447186,0.400827004,0.453048186933333,0.4053620695,0.432305882,0.840903688,30,"a  ","current"
