"","expr","min","lq","mean","median","uq","max","neval","cld","version"
"1","simple",0.847167664,0.876690439,0.900751055366667,0.8901858665,0.899663699,1.254073755,30," b ","v1.3.4"
"2","complex",2.421025109,2.462001512,2.5433289774,2.488235855,2.574191486,2.914429646,30,"  c","v1.3.4"
"3","big_data",0.550176356,0.560176035,0.612824893233333,0.5701208315,0.657536975,0.83791848,30,"a  ","v1.3.4"
