"","expr","min","lq","mean","median","uq","max","neval","version"
"1","simple",1.182498786,1.4075964465,1.64662699195,1.561764054,1.848752861,2.514695053,100,"current"
"2","complex",3.650585008,4.1360312035,4.61950151034,4.441919155,5.000382003,6.510942281,100,"current"
"3","big_data",0.88001338,0.9875332435,1.16700818479,1.115875309,1.2766545725,1.839763275,100,"current"
