"","expr","min","lq","mean","median","uq","max","neval","cld","version"
"1","simple",0.416613304,0.423595684,0.432149085033333,0.4288803325,0.436840582,0.516216613,30,"a ","current"
"2","complex",1.564194359,1.588218606,1.71025222753333,1.601210421,1.769586185,2.306762338,30," b","current"
"3","big_data",0.406544701,0.419174033,0.464792823033333,0.4272816095,0.445641219,0.748619716,30,"a ","current"
