"","expr","min","lq","mean","median","uq","max","neval","cld","version"
"1","simple",0.55114602,0.566470644,0.636391694766667,0.5802574445,0.718660428,0.96016247,30," b ","current"
"2","complex",1.396725535,1.44260058,1.5382477308,1.4573430055,1.606261497,1.914721384,30,"  c","current"
"3","big_data",0.414998899,0.424926008,0.481066032433333,0.4337093235,0.526909899,0.75281053,30,"a  ","current"
