"","expr","min","lq","mean","median","uq","max","neval","cld","version"
"1","simple",1.079505101,1.2319507015,2.01868660899,2.331366651,2.487685401,3.1263658,100,"a ","v1.5.2"
"2","complex",3.474241902,3.8634090005,6.48729560903,7.4915391005,7.962695851,10.062488301,100," b","v1.5.2"
"3","big_data",0.833042801,0.960392501,1.64245990204,1.840106301,1.972591801,2.625116501,100,"a ","v1.5.2"
