"","expr","min","lq","mean","median","uq","max","neval","cld","version"
"1","simple",1.0300695,1.0807108,1.13152505,1.09072145,1.116557,1.750227,100," b ","current"
"2","complex",3.1335286,3.2841095,3.431608936,3.326503,3.45676955,5.0038839,100,"  c","current"
"3","big_data",0.7411868,0.77396335,0.823673202,0.7825384,0.80738925,1.585578,100,"a  ","current"
