"","expr","min","lq","mean","median","uq","max","neval","cld","version"
"1","simple",0.546102966,0.563735237,0.599656321333333,0.574824557,0.596854046,0.790712016,30," b ","current"
"2","complex",1.340347563,1.358003536,1.45103981503333,1.3747288665,1.516009479,1.73392561,30,"  c","current"
"3","big_data",0.39256973,0.400833569,0.423320867133333,0.408379003,0.42079646,0.657410434,30,"a  ","current"
