"","expr","min","lq","mean","median","uq","max","neval","cld","version"
"1","simple",1.013712044,1.061987727,1.15193475753333,1.116404493,1.197283703,1.579282676,30," b ","current"
"2","complex",2.651625272,2.795270055,3.1869682051,2.9891010395,3.371098918,5.379006838,30,"  c","current"
"3","big_data",0.571054939,0.599963242,0.672306360666667,0.622124377,0.67601492,1.194950164,30,"a  ","current"
