"","expr","min","lq","mean","median","uq","max","neval","cld","version"
"1","simple",1.015645171,1.032914957,1.08572548683333,1.04094413,1.050821097,1.44067657,30," b ","v1.3.6"
"2","complex",2.896353205,2.956633171,3.01233028836667,2.978780996,3.026059483,3.305053119,30,"  c","v1.3.6"
"3","big_data",0.732072711,0.749170736,0.784956223133333,0.7629438615,0.792937976,0.99656807,30,"a  ","v1.3.6"
