"","expr","min","lq","mean","median","uq","max","neval","cld","version"
"1","simple",0.553813963,0.608114397,0.654840490566667,0.62496718,0.670820163,0.872958383,30," b ","v1.2.1"
"2","complex",1.327787519,1.45443128,1.54989203326667,1.4862436495,1.587224874,2.497491055,30,"  c","v1.2.1"
"3","big_data",0.389165513,0.41985597,0.4636745553,0.4328415855,0.459678549,0.753897618,30,"a  ","v1.2.1"
