"","expr","min","lq","mean","median","uq","max","neval","cld","version"
"1","simple",1.055862691,1.073970859,1.1213379736,1.0867482465,1.105284904,1.369062954,30," b ","current"
"2","complex",2.742559227,2.781582446,2.89325329583333,2.8138521145,2.919651753,3.483453725,30,"  c","current"
"3","big_data",0.578831941,0.593791164,0.615756263,0.5989718795,0.605747309,0.871719226,30,"a  ","current"
