"","expr","min","lq","mean","median","uq","max","neval","cld","version"
"1","simple",1.029966217,1.06072195,1.25860639091,1.0974096235,1.386748466,2.332022094,100," b ","v1.3.5"
"2","complex",2.720228884,2.763372169,3.41991230069,3.0357626835,4.305568401,5.71581562,100,"  c","v1.3.5"
"3","big_data",0.564408057,0.5863334325,0.6932482098,0.605302409,0.6883880695,2.013755804,100,"a  ","v1.3.5"
