"","expr","min","lq","mean","median","uq","max","neval","cld","version"
"1","simple",1.016711109,1.060310964,1.14875271202,1.088037911,1.141382174,2.21686624,100," b ","master"
"2","complex",3.020523028,3.0939255445,3.24931626202,3.1551350605,3.30216692,5.273655199,100,"  c","master"
"3","big_data",0.680598487,0.714792349,0.7556638902,0.727921828,0.7504629525,1.276682708,100,"a  ","master"
