"","expr","min","lq","mean","median","uq","max","neval","cld","version"
"1","simple",0.414176928,0.428058544,0.467848144866667,0.440649037,0.457086094,0.659238535,30,"a ","current"
"2","complex",1.572395839,1.608978305,1.8076360806,1.631693925,1.820144353,4.405995141,30," b","current"
"3","big_data",0.412410456,0.419245508,0.453583975633333,0.432377176,0.469682969,0.686137858,30,"a ","current"
