"","expr","min","lq","mean","median","uq","max","neval","cld","version"
"1","simple",0.780320679,0.802914316,0.8950956568,0.867475535,0.928897655,1.286982513,30," b ","current"
"2","complex",2.183722269,2.269641251,2.47242915813333,2.3905443395,2.605983981,3.332719347,30,"  c","current"
"3","big_data",0.506445949,0.518208089,0.57643794,0.5308662285,0.643491257,0.941820911,30,"a  ","current"
