"","expr","min","lq","mean","median","uq","max","neval","cld","version"
"1","simple",1.073714494,1.088580725,1.11592310053333,1.103302546,1.125316354,1.312729835,30," b ","master"
"2","complex",3.167606306,3.189472422,3.2708504311,3.2195750265,3.349065419,3.552781575,30,"  c","master"
"3","big_data",0.730456483,0.747463341,0.764228431966667,0.7565941875,0.768147553,0.941137151,30,"a  ","master"
