"","expr","min","lq","mean","median","uq","max","neval","cld","version"
"1","simple",0.8574549,0.8923182,0.923903688,0.9094257,0.93333255,1.1518437,100," b ","current"
"2","complex",2.8195171,2.9168623,2.995751912,2.9615031,3.01284135,3.9674263,100,"  c","current"
"3","big_data",0.6884155,0.70833515,0.731727983,0.7238398,0.74020385,0.9153264,100,"a  ","current"
