"","expr","min","lq","mean","median","uq","max","neval","cld","version"
"1","simple",0.887708283,0.932777403,1.11340928555,0.979415161,1.191634928,2.952745399,100," b ","v1.3.1"
"2","complex",2.346356998,2.4478259705,2.86390968877,2.5359966205,2.9513809785,4.864479023,100,"  c","v1.3.1"
"3","big_data",0.538642501,0.575426448,0.69554817969,0.5979077665,0.653840292,2.410460553,100,"a  ","v1.3.1"
