"","expr","min","lq","mean","median","uq","max","neval","cld","version"
"1","simple",0.839803107,0.9134536005,1.1056117348,0.9926534955,1.19422009,2.272230059,100," b ","v1.3.2"
"2","complex",2.297196984,2.4758889625,2.91509968753,2.6686219185,3.067130336,5.462547062,100,"  c","v1.3.2"
"3","big_data",0.542133873,0.596205112,0.71317006781,0.6292963875,0.762001366,1.425531729,100,"a  ","v1.3.2"
