"","expr","min","lq","mean","median","uq","max","neval","cld","version"
"1","simple",1.0953376,2.2447023,2.43423248,2.43558295,2.5283974,3.2269288,100," b ","v1.4.1"
"2","complex",3.6301407,7.1623345,7.708422758,7.75084855,7.945049,9.7005172,100,"  c","v1.4.1"
"3","big_data",1.6198216,1.74409775,1.894803633,1.8868482,1.95307235,2.4694112,100,"a  ","v1.4.1"
