"","expr","min","lq","mean","median","uq","max","neval","cld","version"
"1","simple",0.639302996,0.6675040155,0.98856597054,1.01237552,1.240075262,1.598801031,100," b ","v1.2.1"
"2","complex",1.564541892,1.6084821685,2.39553716297,2.601385281,2.9840492335,3.800024653,100,"  c","v1.2.1"
"3","big_data",0.447542255,0.469056462,0.68518766099,0.5614894025,0.8806597145,1.482788562,100,"a  ","v1.2.1"
