"","expr","min","lq","mean","median","uq","max","neval","cld","version"
"1","simple",0.472446456,0.501505368,0.53387844735,0.5120033715,0.5277836535,0.752209551,100,"a ","v1.2.5"
"2","complex",1.818695145,1.8736605595,2.02525405687,1.903561135,2.0422255885,3.265144111,100," b","v1.2.5"
"3","big_data",0.460672281,0.4789305115,0.50761703491,0.4898380425,0.5065661075,0.828418037,100,"a ","v1.2.5"
