"","expr","min","lq","mean","median","uq","max","neval","cld","version"
"1","simple",0.884622401,0.977003751,1.13343860597,1.134605251,1.2485617005,1.5264107,100," b ","v1.6.0"
"2","complex",2.951550501,3.1866035515,3.79002092705,3.7920515515,4.379436352,4.988659001,100,"  c","v1.6.0"
"3","big_data",0.7088949,0.7523686015,0.8873613189,0.885373551,0.969712551,1.343347401,100,"a  ","v1.6.0"
