"","expr","min","lq","mean","median","uq","max","neval","cld","version"
"1","simple",0.899890161,0.944816694,1.14150418643,1.1534931235,1.243990383,2.6960347,100," b ","v1.3.4"
"2","complex",2.502108536,3.2704949485,3.32271994553,3.4045289755,3.504205037,4.397481136,100,"  c","v1.3.4"
"3","big_data",0.570928033,0.684829961,0.75637949033,0.762071383,0.81229077,1.066872513,100,"a  ","v1.3.4"
