"","expr","min","lq","mean","median","uq","max","neval","cld","version"
"1","simple",0.959352168,0.987708356,1.06167797463,1.000891077,1.068125709,2.42726757,100," b ","v1.3.6"
"2","complex",2.785811914,2.86151916,3.02240889821,2.899980782,3.0613606735,4.432917437,100,"  c","v1.3.6"
"3","big_data",0.710610287,0.7276069335,0.79197640424,0.739967866,0.7689206585,1.935769175,100,"a  ","v1.3.6"
