"","expr","min","lq","mean","median","uq","max","neval","cld","version"
"1","simple",0.971324724,0.9894704535,1.02757412762,1.0000123995,1.0093401695,1.357072163,100," b ","v1.3.7"
"2","complex",2.807679853,2.8513331335,3.00419533296,2.8855156905,3.0359942505,4.977901225,100,"  c","v1.3.7"
"3","big_data",0.705609536,0.7222639375,0.74986345276,0.7322619755,0.742709654,1.136851304,100,"a  ","v1.3.7"
