"","expr","min","lq","mean","median","uq","max","neval","cld","version"
"1","simple",0.8684207,2.37073365,2.177406246,2.423412,2.49802255,2.7936271,100," b ","v1.4.0"
"2","complex",2.7594003,7.48252685,7.016737311,7.6689725,7.8504564,9.0296684,100,"  c","v1.4.0"
"3","big_data",0.6635421,1.81779065,1.638199619,1.86415615,1.9031543,2.0573654,100,"a  ","v1.4.0"
