"","expr","min","lq","mean","median","uq","max","neval","cld","version"
"1","simple",0.9825737,1.2344021,2.110112291,2.24007025,2.8638549,3.2712954,100,"a ","v1.4.2"
"2","complex",3.1844868,4.145187,6.972527228,7.12031175,9.0655646,9.8531398,100," b","v1.4.2"
"3","big_data",0.7418901,0.99460745,1.66287588,1.7368648,2.20792885,2.525224,100,"a ","v1.4.2"
