"","expr","min","lq","mean","median","uq","max","neval","cld","version"
"1","simple",0.641237217,0.6663981475,0.71150635259,0.676482066,0.6942868255,1.073012501,100," b ","v1.2.4"
"2","complex",1.625809026,1.6827037395,1.84915998531,1.6949658455,1.8177338685,3.633426301,100,"  c","v1.2.4"
"3","big_data",0.472278342,0.4879087435,0.5215526331,0.4973725365,0.5128846025,0.847790159,100,"a  ","v1.2.4"
