"","expr","min","lq","mean","median","uq","max","neval","cld","version"
"1","simple",0.871699801,0.9017896015,0.94656695103,0.9207412005,0.954920201,1.2465238,100," b ","master"
"2","complex",2.8930865,2.958410001,3.07022810501,3.005682551,3.114703401,4.572440901,100,"  c","master"
"3","big_data",0.693831701,0.7109389005,0.75188434602,0.7289052005,0.7471485515,1.189961001,100,"a  ","master"
