"","expr","min","lq","mean","median","uq","max","neval","cld","version"
"1","simple",0.602756996,0.6401143915,0.92473524489,0.768199884,1.221737533,1.804692094,100," b ","v1.2.0"
"2","complex",1.474742068,1.5171665845,2.14412475078,1.6093085165,2.955659131,4.632897161,100,"  c","v1.2.0"
"3","big_data",0.427743467,0.4520060265,0.68274513708,0.5243396885,0.8964363495,1.265025958,100,"a  ","v1.2.0"
